Line#,Item Description,Unit Price (INR),UOM,Remarks
1,3-ply corrugated box 30x20x15 cm,19.0,per box,
2,3-ply corrugated box 40x30x20 cm,27.5,per box,
3,3-ply corrugated box 50x40x30 cm,39.5,per box,
4,5-ply corrugated box 30x20x15 cm,2900,per 100 pcs,
5,5-ply corrugated box 40x30x20 cm,4150,per 100 pcs,
6,5-ply corrugated box 50x40x30 cm,5800,per 100 pcs,
7,7-ply heavy-duty box 60x50x40 cm,118.0,per box,
8,7-ply heavy-duty box 80x60x50 cm,172.0,per box,
9,3-ply die-cut mailer 25x20x5 cm,13.5,per box,
10,5-ply die-cut mailer 35x25x8 cm,21.0,per box,
11,Corrugated pallet tray 120x80 cm,88.0,per piece,
12,Corrugated corner guard 60 cm,470,per 100 pcs,
13,Corrugated corner guard 90 cm,620,per 100 pcs,
14,Corrugated sheet 3-ply 120x80 cm,11.5,per sheet,
15,Corrugated sheet 5-ply 120x80 cm,17.5,per sheet,
18,Partitioned box 6-cell 3-ply,98.0,per box,
19,Partitioned box 12-cell 3-ply,145.0,per box,
20,Partitioned box 24-cell 5-ply,215.0,per box,
21,Telescopic box outer 3-ply 40x30x20,67.0,per box,
22,Telescopic box inner 3-ply 40x30x20,62.0,per box,
23,Archive box 3-ply 40x30x25 cm,52.0,per box,
24,Archive box 5-ply 40x30x25 cm,72.0,per box,
25,Kraft tape 48mm x 100m,40.0,per roll,
26,Bubble wrap roll 1.2m x 50m,425.0,per roll,
27,Foam sheet 5mm 120x80 cm,36.0,per sheet,
28,Strapping band 12mm PP,188.0,per kg,

QUESTIONNAIRE RESPONSES
ISO 9001,Yes
Lead time,10 days
VMI,No
MOQ,1000 pcs per SKU
FSC,Not available
Defect rate,0.8%
Returns,Credit note issued within 14 days
